id,first_name,last_name,email,gender,ip_address
1,Des,Wheeldon,dwheeldon0@chicagotribune.com,Non-binary,190.29.187.170
2,Mose,Follet,mfollet1@uiuc.edu,Female,45.223.200.76
3,Jdavie,Bould,jbould2@ning.com,Female,80.8.47.205
4,Fay,Reinmar,freinmar3@youtu.be,Female,234.93.192.24
5,Dianne,Griggs,dgriggs4@mail.ru,Male,87.69.43.122
6,Tiffi,Jellico,tjellico5@symantec.com,Female,127.206.9.134
7,Bancroft,Raigatt,braigatt6@mlb.com,Male,111.73.3.33
8,Beverlie,Dimitriades,bdimitriades7@europa.eu,Female,212.162.128.80
9,Chrissie,Carvilla,ccarvilla8@ask.com,Female,58.181.130.186
10,Wallis,Noad,wnoad9@techcrunch.com,Male,57.125.132.95
11,Margi,Margetts,mmargettsa@earthlink.net,Female,117.65.78.104
12,Andriette,Calendar,acalendarb@redcross.org,Female,150.120.181.143
13,Berton,Lanbertoni,blanbertonic@360.cn,Male,228.11.133.47
14,Maridel,Brewer,mbrewerd@samsung.com,Male,28.146.76.0
15,Marna,Aidler,maidlere@house.gov,Female,213.130.187.241
16,Jobye,Macconachy,jmacconachyf@yandex.ru,Male,204.242.91.26
17,Marianne,Gabby,mgabbyg@hatena.ne.jp,Female,57.125.194.151
18,George,Marini,gmarinih@webnode.com,Male,101.29.11.110
19,Doug,McAster,dmcasteri@rambler.ru,Female,68.149.252.230
20,Cherice,McKeating,cmckeatingj@edublogs.org,Female,217.129.82.242
21,Cindra,Kissick,ckissickk@odnoklassniki.ru,Male,222.53.172.182
22,Brant,Kille,bkillel@i2i.jp,Female,18.117.2.50
23,Liv,Grane,lgranem@vk.com,Female,22.175.146.80
24,Lorette,Greatbatch,lgreatbatchn@last.fm,Male,195.187.27.71
25,Reina,Woodroff,rwoodroffo@linkedin.com,Female,176.3.173.70
26,Evonne,Ogden,eogdenp@prlog.org,Female,253.211.84.3
27,Waverly,Dyte,wdyteq@fc2.com,Female,101.94.12.23
28,Byron,Moorhouse,bmoorhouser@weebly.com,Female,158.207.115.85
29,Dylan,O'Cullen,docullens@theguardian.com,Male,251.106.229.196
30,Abby,Ayree,aayreet@icio.us,Bigender,252.85.202.2
31,Harlie,Durnall,hdurnallu@1und1.de,Male,148.90.221.195
32,Ruthann,Macura,rmacurav@paypal.com,Male,139.167.181.22
33,Francine,Ablott,fablottw@gnu.org,Male,68.155.122.160
34,Kayley,Rideout,krideoutx@aol.com,Female,241.15.60.240
35,Billye,Moorhead,bmoorheady@nhs.uk,Male,145.32.209.127
36,Quintilla,Rudsdell,qrudsdellz@macromedia.com,Female,205.97.60.146
37,Maura,Acreman,macreman10@cisco.com,Male,40.84.102.19
38,Joye,Rimes,jrimes11@sohu.com,Male,77.96.127.26
39,Nell,Chasteney,nchasteney12@google.com.br,Female,1.81.100.16
40,Glennie,Pavey,gpavey13@mozilla.org,Female,59.146.19.195
41,Wilton,Boss,wboss14@list-manage.com,Female,123.168.233.225
42,Bernardine,Bowater,bbowater15@godaddy.com,Male,235.3.105.248
43,Wells,Smylie,wsmylie16@mapquest.com,Female,17.26.57.133
44,Abigail,McGrey,amcgrey17@google.com.hk,Female,74.208.219.160
45,Blair,Goricke,bgoricke18@engadget.com,Male,33.82.74.198
46,Pooh,Joint,pjoint19@discuz.net,Female,223.139.234.180
47,Kelly,Guerreiro,kguerreiro1a@macromedia.com,Male,9.168.187.7
48,Peggie,O'Noland,ponoland1b@bing.com,Male,215.227.108.79
49,Bell,Willoway,bwilloway1c@apache.org,Female,59.65.182.169
50,Boris,Saxton,bsaxton1d@ftc.gov,Male,72.199.74.35
51,Allen,Winman,awinman1e@home.pl,Male,97.114.125.160
52,Jesselyn,Wareham,jwareham1f@last.fm,Genderqueer,49.148.38.228
53,Finn,Ricardin,fricardin1g@sogou.com,Male,60.246.250.25
54,Maressa,Mix,mmix1h@salon.com,Genderfluid,183.100.130.66
55,Smith,Bilbery,sbilbery1i@ucoz.com,Female,33.140.223.254
56,Ahmed,Pillifant,apillifant1j@kickstarter.com,Male,227.212.67.154
57,Ree,Lohoar,rlohoar1k@google.cn,Female,76.48.82.22
58,Charline,Wards,cwards1l@blog.com,Male,186.97.119.96
59,Allene,Rumming,arumming1m@networkadvertising.org,Male,104.205.136.147
60,Charil,Kunisch,ckunisch1n@seesaa.net,Female,27.139.103.215
61,Glyn,O'Brogan,gobrogan1o@va.gov,Male,171.103.191.13
62,Kalina,Zuker,kzuker1p@barnesandnoble.com,Female,217.208.186.32
63,Jerrome,McEntegart,jmcentegart1q@tmall.com,Male,149.53.72.224
64,Karim,Phoebe,kphoebe1r@omniture.com,Male,141.159.166.133
65,Oby,McKennan,omckennan1s@about.com,Male,93.57.226.94
66,Starlin,Jordanson,sjordanson1t@ovh.net,Female,124.119.80.75
67,Elliott,Broggelli,ebroggelli1u@mapy.cz,Female,225.216.33.207
68,Ruthanne,Cogle,rcogle1v@trellian.com,Male,6.154.75.21
69,Alysia,Vesty,avesty1w@over-blog.com,Male,241.234.47.217
70,Nichol,Dearle-Palser,ndearlepalser1x@51.la,Female,136.66.126.222
71,Gabbey,Lestrange,glestrange1y@about.me,Male,1.88.110.158
72,Rolando,Dennidge,rdennidge1z@lulu.com,Male,67.23.166.201
73,Lon,Hughesdon,lhughesdon20@mysql.com,Male,133.236.128.105
74,Edie,Tures,etures21@zimbio.com,Male,229.144.139.149
75,Inness,Memmory,imemmory22@hhs.gov,Female,240.172.64.153
76,Keelia,Whisker,kwhisker23@sourceforge.net,Genderfluid,240.149.93.245
77,Casie,Spurret,cspurret24@google.it,Male,147.194.81.191
78,Dallon,Kahen,dkahen25@psu.edu,Female,53.207.171.23
79,Caye,Asty,casty26@joomla.org,Genderqueer,214.133.105.52
80,Meagan,Sketcher,msketcher27@walmart.com,Female,41.35.34.157
81,Lorry,Georgel,lgeorgel28@cloudflare.com,Male,244.228.96.131
82,Jacquelyn,Ranby,jranby29@smugmug.com,Female,114.237.45.140
83,Hill,Witherow,hwitherow2a@ucsd.edu,Male,77.106.229.50
84,Cynde,Matyasik,cmatyasik2b@hhs.gov,Female,166.116.161.250
85,Lazare,Giller,lgiller2c@harvard.edu,Male,128.22.231.175
86,Akim,Pottie,apottie2d@shop-pro.jp,Male,212.1.244.88
87,Tanner,Ghidetti,tghidetti2e@huffingtonpost.com,Female,163.115.218.212
88,Nevins,Colston,ncolston2f@so-net.ne.jp,Male,203.125.206.82
89,Parrnell,Spilisy,pspilisy2g@canalblog.com,Female,213.35.31.156
90,Rosetta,Sunter,rsunter2h@ycombinator.com,Female,130.205.120.117
91,Jayme,Millership,jmillership2i@pbs.org,Male,82.89.143.162
92,Madelene,Tupp,mtupp2j@google.co.uk,Female,246.2.222.208
93,Corrie,Borell,cborell2k@wp.com,Female,134.129.54.207
94,Pen,Lakin,plakin2l@reddit.com,Male,145.76.27.146
95,Rebekkah,Labram,rlabram2m@github.com,Female,17.36.95.93
96,Giselbert,Nerval,gnerval2n@so-net.ne.jp,Agender,224.161.232.25
97,Gaspar,Warrender,gwarrender2o@accuweather.com,Male,63.98.218.250
98,Bryn,Nevinson,bnevinson2p@businessinsider.com,Male,112.204.155.222
99,Pierrette,Iowarch,piowarch2q@reddit.com,Male,252.93.16.104
100,Fielding,Stearley,fstearley2r@mozilla.com,Polygender,220.137.39.0
101,Kiele,Halms,khalms2s@istockphoto.com,Female,191.136.225.141
102,Ginny,Boness,gboness2t@bizjournals.com,Male,206.97.140.20
103,Reid,McTiernan,rmctiernan2u@dailymail.co.uk,Female,162.9.54.240
104,Denys,Normanton,dnormanton2v@princeton.edu,Male,24.18.92.39
105,Edithe,Muino,emuino2w@sogou.com,Female,50.127.58.176
106,Juan,Celle,jcelle2x@nsw.gov.au,Female,203.224.65.160
107,Marissa,Mathevon,mmathevon2y@boston.com,Female,242.98.100.88
108,Arlinda,Kalker,akalker2z@ocn.ne.jp,Female,245.60.194.116
109,Merill,Challinor,mchallinor30@hao123.com,Female,87.103.146.25
110,Dee dee,Ashfield,dashfield31@smugmug.com,Polygender,246.114.70.19
111,Merrilee,Scotter,mscotter32@cam.ac.uk,Agender,150.218.211.91
112,Adriena,O'Crevan,aocrevan33@archive.org,Female,83.218.52.174
113,Sacha,Keyte,skeyte34@wunderground.com,Male,144.93.231.136
114,Consolata,Mitkov,cmitkov35@seattletimes.com,Female,102.222.65.234
115,Daryn,Loveday,dloveday36@walmart.com,Female,183.61.210.66
116,Elicia,Tomlinson,etomlinson37@unc.edu,Female,139.126.21.102
117,Edlin,Roussel,eroussel38@spotify.com,Male,26.201.72.145
118,Ky,Lias,klias39@bloomberg.com,Female,24.39.159.108
119,Genevra,Lightman,glightman3a@lycos.com,Male,56.146.37.103
120,Seamus,Spencock,sspencock3b@addtoany.com,Female,57.157.188.205
121,Riva,Bolver,rbolver3c@bluehost.com,Female,169.216.80.226
122,Bertina,Warbeys,bwarbeys3d@mit.edu,Male,137.50.56.16
123,Yoshiko,Nevinson,ynevinson3e@sohu.com,Female,74.104.1.113
124,Vita,Baggalley,vbaggalley3f@example.com,Genderfluid,101.166.20.54
125,Pauletta,Iczokvitz,piczokvitz3g@ftc.gov,Male,111.107.56.27
126,Cecilia,Moat,cmoat3h@businessweek.com,Female,81.2.13.105
127,Amii,Bert,abert3i@buzzfeed.com,Female,120.205.230.16
128,Yancey,Kenion,ykenion3j@walmart.com,Male,232.123.22.151
129,Sarene,Kermon,skermon3k@marketwatch.com,Male,115.208.22.73
130,Kellby,Larkkem,klarkkem3l@edublogs.org,Female,64.101.161.226
131,Coralyn,Comar,ccomar3m@theguardian.com,Male,161.197.16.145
132,Hallsy,Eddison,heddison3n@hhs.gov,Male,165.148.60.182
133,Rosalind,Aiken,raiken3o@amazon.co.uk,Male,237.75.247.62
134,Lotti,Beauvais,lbeauvais3p@tripod.com,Female,202.56.152.220
135,Glynn,Spellsworth,gspellsworth3q@java.com,Female,6.81.220.14
136,Margret,Chessman,mchessman3r@who.int,Female,18.72.57.66
137,Sheffie,Willden,swillden3s@topsy.com,Female,182.165.175.157
138,Sumner,Gibbin,sgibbin3t@webmd.com,Female,46.59.91.23
139,Cherri,Francesch,cfrancesch3u@google.it,Female,247.185.127.180
140,Gregorio,Robshaw,grobshaw3v@miitbeian.gov.cn,Male,94.5.63.74
141,Clemmy,Sommerfeld,csommerfeld3w@issuu.com,Female,235.253.11.224
142,Carolus,Lodewick,clodewick3x@berkeley.edu,Male,58.204.124.55
143,Aurea,Matussevich,amatussevich3y@mapy.cz,Male,218.171.180.119
144,Clive,Brierly,cbrierly3z@joomla.org,Female,184.22.192.60
145,Gusta,Blas,gblas40@wikia.com,Female,82.224.79.26
146,Jerrylee,Bourrel,jbourrel41@freewebs.com,Female,165.165.207.161
147,Bevvy,Bradmore,bbradmore42@fda.gov,Male,57.140.0.194
148,Beauregard,Skillitt,bskillitt43@blogger.com,Bigender,212.224.139.6
149,Dehlia,Janjusevic,djanjusevic44@mediafire.com,Female,204.121.152.112
150,Britt,Macoun,bmacoun45@auda.org.au,Female,13.26.97.174
151,Kathleen,Galle,kgalle46@ca.gov,Male,141.55.37.234
152,Mikael,Jacquot,mjacquot47@illinois.edu,Male,207.139.129.222
153,Casandra,Juckes,cjuckes48@nature.com,Male,189.175.21.83
154,Pennie,Gallegos,pgallegos49@columbia.edu,Male,38.157.199.36
155,Megan,Vickarman,mvickarman4a@goo.ne.jp,Female,57.247.183.147
156,Kalie,MacTurlough,kmacturlough4b@creativecommons.org,Male,85.169.229.192
157,Brittani,Minghi,bminghi4c@plala.or.jp,Female,182.223.126.116
158,Kandy,Cutriss,kcutriss4d@arizona.edu,Female,166.41.162.122
159,Alvis,Langran,alangran4e@samsung.com,Male,152.134.99.49
160,Sadella,Giacomo,sgiacomo4f@bloomberg.com,Female,83.103.158.148
161,Roarke,Rielly,rrielly4g@slideshare.net,Male,131.201.250.22
162,Deena,Alp,dalp4h@google.pl,Female,144.70.190.99
163,Valery,Heminsley,vheminsley4i@icq.com,Female,24.11.2.153
164,Dougy,Pagelsen,dpagelsen4j@opera.com,Male,238.128.118.169
165,Bengt,McIlwraith,bmcilwraith4k@cam.ac.uk,Male,252.79.199.205
166,Sanson,Girodin,sgirodin4l@google.fr,Genderqueer,218.5.53.7
167,Kania,Gohier,kgohier4m@digg.com,Male,57.213.203.40
168,Fan,Hurll,fhurll4n@ehow.com,Female,218.8.192.51
169,Olin,Haizelden,ohaizelden4o@cdbaby.com,Female,157.79.59.211
170,Fields,Goldson,fgoldson4p@shareasale.com,Female,167.7.57.3
171,Conny,Stockin,cstockin4q@wikia.com,Male,48.208.159.167
172,Jedediah,Pfertner,jpfertner4r@usa.gov,Male,31.220.172.33
173,Buddy,Jachimczak,bjachimczak4s@cnn.com,Female,50.192.2.18
174,Ephrem,Waszczyk,ewaszczyk4t@wired.com,Female,100.202.23.66
175,Leopold,Rigglesford,lrigglesford4u@latimes.com,Male,159.238.213.17
176,Daron,Vittori,dvittori4v@mysql.com,Female,89.4.138.193
177,Stella,Hassen,shassen4w@reverbnation.com,Female,195.144.7.21
178,Titos,Baxstair,tbaxstair4x@oracle.com,Male,118.210.81.183
179,Gareth,Haburne,ghaburne4y@cdc.gov,Male,225.11.100.14
180,Bondon,Myhill,bmyhill4z@oracle.com,Female,93.204.124.241
181,Garv,Whitton,gwhitton50@reference.com,Male,222.176.80.240
182,Joey,Dye,jdye51@addtoany.com,Agender,194.226.157.220
183,Pammie,Fulton,pfulton52@noaa.gov,Male,7.174.109.249
184,Gabriello,Gusticke,ggusticke53@ucoz.ru,Female,65.231.192.152
185,Essa,Makinson,emakinson54@delicious.com,Female,190.158.158.17
186,Jennifer,Marvin,jmarvin55@webnode.com,Male,165.202.42.244
187,Lissi,Resdale,lresdale56@sourceforge.net,Male,106.162.193.31
188,Eugenio,Gerckens,egerckens57@xing.com,Male,132.253.105.73
189,Leeanne,Pays,lpays58@nytimes.com,Male,194.93.177.106
190,Flin,Cheel,fcheel59@salon.com,Female,40.60.189.169
191,Kain,Balden,kbalden5a@indiegogo.com,Female,175.77.226.6
192,Hercules,Handrok,hhandrok5b@bizjournals.com,Polygender,98.132.56.150
193,Hillier,Domleo,hdomleo5c@latimes.com,Male,154.255.8.121
194,Margeaux,Esh,mesh5d@newyorker.com,Polygender,111.144.62.30
195,Ailsun,Yarrell,ayarrell5e@blinklist.com,Male,57.220.235.18
196,Alva,Fyrth,afyrth5f@simplemachines.org,Female,16.221.171.27
197,Molli,Cogdon,mcogdon5g@liveinternet.ru,Bigender,212.137.136.223
198,Cloris,Bloy,cbloy5h@yelp.com,Female,8.152.97.148
199,Rosa,Rubinov,rrubinov5i@jiathis.com,Male,121.242.98.86
200,Ramon,Champ,rchamp5j@taobao.com,Male,172.150.203.129
201,Zsazsa,Skirrow,zskirrow5k@wordpress.com,Female,141.83.243.127
202,Ysabel,Woolham,ywoolham5l@economist.com,Male,10.83.194.53
203,Sybyl,Haffard,shaffard5m@tumblr.com,Male,95.29.191.117
204,Tobin,Impson,timpson5n@cnn.com,Female,11.8.57.225
205,Wendy,Koppen,wkoppen5o@vk.com,Male,93.72.90.34
206,Cy,Bugdell,cbugdell5p@deviantart.com,Female,31.159.211.190
207,Lay,Crowley,lcrowley5q@howstuffworks.com,Male,175.54.183.89
208,Tim,Livesay,tlivesay5r@kickstarter.com,Male,16.238.237.56
209,Antonius,Wyllt,awyllt5s@shinystat.com,Male,116.100.94.125
210,Linette,Rossander,lrossander5t@furl.net,Female,125.4.72.102
211,Lou,Beddoes,lbeddoes5u@twitpic.com,Non-binary,94.87.4.158
212,Ruthi,Donnison,rdonnison5v@ted.com,Male,16.185.212.221
213,Donia,Cowdroy,dcowdroy5w@dailymail.co.uk,Female,201.174.169.103
214,Julienne,Capponer,jcapponer5x@unblog.fr,Polygender,122.29.224.149
215,Irene,Piggott,ipiggott5y@ustream.tv,Male,232.152.8.144
216,Franky,Chrippes,fchrippes5z@qq.com,Male,11.17.46.252
217,Hermina,Kielt,hkielt60@soup.io,Female,115.157.86.60
218,Emile,Goldston,egoldston61@gmpg.org,Female,37.16.212.155
219,Orbadiah,Bondley,obondley62@cam.ac.uk,Female,42.71.111.226
220,Daisy,Jatczak,djatczak63@youtu.be,Female,149.12.66.16
221,Idalina,Swetmore,iswetmore64@jugem.jp,Female,208.128.44.205
222,Luce,Desantis,ldesantis65@t-online.de,Female,203.3.29.54
223,Lynna,Brannan,lbrannan66@soup.io,Bigender,220.28.236.96
224,Elspeth,Leehane,eleehane67@unblog.fr,Female,205.209.110.137
225,Vallie,Gagin,vgagin68@squarespace.com,Male,148.32.53.80
226,Eulalie,Hizir,ehizir69@timesonline.co.uk,Bigender,53.125.252.166
227,Bernette,Gibbeson,bgibbeson6a@purevolume.com,Male,159.196.144.166
228,Annamarie,Southouse,asouthouse6b@reddit.com,Female,228.228.202.109
229,Hershel,Grennan,hgrennan6c@linkedin.com,Female,216.176.29.195
230,Pammi,Hunnicot,phunnicot6d@simplemachines.org,Male,178.191.96.75
231,Adara,Gaber,agaber6e@upenn.edu,Female,127.166.118.234
232,Carlota,Marlow,cmarlow6f@marketwatch.com,Male,220.32.147.111
233,Terencio,Eyre,teyre6g@ed.gov,Female,105.92.124.81
234,Lib,Kealy,lkealy6h@go.com,Female,200.42.55.194
235,Lorrie,Lochet,llochet6i@salon.com,Male,158.217.36.235
236,Alvira,Pawelke,apawelke6j@wordpress.org,Male,81.138.139.83
237,Tobi,Blaine,tblaine6k@dion.ne.jp,Genderfluid,2.237.186.136
238,Burg,Tabard,btabard6l@live.com,Male,5.210.61.52
239,Cherianne,Tye,ctye6m@drupal.org,Female,51.146.63.123
240,Noby,Kilmister,nkilmister6n@nature.com,Polygender,141.169.160.75
241,Dorene,Yesipov,dyesipov6o@va.gov,Male,30.175.172.109
242,Mirabella,Wonter,mwonter6p@rambler.ru,Female,24.201.32.205
243,Cherye,Emma,cemma6q@wordpress.com,Female,20.183.12.97
244,Melisandra,Fahy,mfahy6r@slashdot.org,Agender,62.33.7.228
245,Ariella,McGuiness,amcguiness6s@jigsy.com,Female,125.108.181.99
246,Lois,Jochen,ljochen6t@desdev.cn,Male,233.27.66.129
247,Iosep,Clarson,iclarson6u@studiopress.com,Male,65.99.37.164
248,Towny,Gander,tgander6v@ebay.co.uk,Female,27.75.9.28
249,Tommie,Bemlott,tbemlott6w@blogtalkradio.com,Genderfluid,66.145.8.37
250,Brnaby,Burgne,bburgne6x@seattletimes.com,Female,182.106.21.111
251,Genovera,Leggs,gleggs6y@qq.com,Male,113.163.122.30
252,Juliette,Balog,jbalog6z@blogger.com,Female,131.244.26.42
253,Symon,Harly,sharly70@deviantart.com,Female,16.35.226.176
254,Leela,Lergan,llergan71@reuters.com,Female,232.236.71.179
255,Rosco,Fenton,rfenton72@photobucket.com,Female,111.46.98.40
256,Linnie,Blampey,lblampey73@elpais.com,Male,81.235.34.247
257,Geoff,Vallintine,gvallintine74@miibeian.gov.cn,Male,156.234.196.222
258,Kira,Old,kold75@people.com.cn,Female,91.227.182.213
259,Tedie,McRory,tmcrory76@ed.gov,Female,26.187.31.26
260,Kippy,Degan,kdegan77@google.es,Non-binary,65.136.182.92
261,Candi,Basten,cbasten78@abc.net.au,Female,242.216.140.69
262,Marven,Feander,mfeander79@naver.com,Female,191.141.162.135
263,Elita,Burtwistle,eburtwistle7a@scribd.com,Male,75.241.108.220
264,Abbie,Bowness,abowness7b@amazonaws.com,Male,66.244.58.249
265,Em,Sarfas,esarfas7c@fastcompany.com,Male,37.181.81.134
266,Kinsley,Toomer,ktoomer7d@scribd.com,Male,93.214.201.65
267,Albertina,Howley,ahowley7e@comcast.net,Female,106.39.255.137
268,Eldon,Ruddle,eruddle7f@scribd.com,Male,183.89.223.18
269,Leland,Peppard,lpeppard7g@census.gov,Female,176.191.168.255
270,Bevvy,Yitzhak,byitzhak7h@infoseek.co.jp,Female,86.128.88.94
271,Mira,Bonsey,mbonsey7i@guardian.co.uk,Female,254.96.91.91
272,Amalee,Scapelhorn,ascapelhorn7j@eepurl.com,Male,9.62.148.7
273,Gilemette,Whetson,gwhetson7k@ameblo.jp,Female,68.43.3.71
274,Vanna,O'Connolly,voconnolly7l@ucoz.com,Polygender,24.71.20.166
275,Ray,Spurman,rspurman7m@arizona.edu,Male,144.111.129.111
276,Julianne,Lighterness,jlighterness7n@uol.com.br,Non-binary,30.34.15.232
277,Hetti,Wildin,hwildin7o@theguardian.com,Male,100.225.252.80
278,Bill,Udell,budell7p@harvard.edu,Female,253.238.47.31
279,Dolph,Brislane,dbrislane7q@w3.org,Male,148.209.17.147
280,Pyotr,Mannock,pmannock7r@fema.gov,Polygender,167.165.247.107
281,Pryce,Stennine,pstennine7s@indiatimes.com,Male,205.223.33.237
282,Shandee,Colmer,scolmer7t@icq.com,Female,147.6.243.200
283,Nanette,Van de Velde,nvandevelde7u@opera.com,Female,251.49.53.184
284,Erna,Kleeborn,ekleeborn7v@hc360.com,Male,125.13.184.137
285,Jay,Girardez,jgirardez7w@bizjournals.com,Female,62.44.65.15
286,Ronald,Soppit,rsoppit7x@china.com.cn,Non-binary,32.153.251.91
287,Madonna,Bewshire,mbewshire7y@gnu.org,Female,239.175.234.171
288,Ferdie,Dominelli,fdominelli7z@un.org,Female,238.47.235.144
289,Jennette,Laurence,jlaurence80@artisteer.com,Female,177.184.210.100
290,Gardener,Lewnden,glewnden81@statcounter.com,Male,149.185.79.79
291,Betta,Raffon,braffon82@woothemes.com,Female,59.248.146.60
292,Poppy,Graysmark,pgraysmark83@gizmodo.com,Female,241.125.199.106
293,Gaynor,Cree,gcree84@xrea.com,Female,8.146.154.100
294,Maegan,Colston,mcolston85@theatlantic.com,Male,23.68.95.19
295,Alphonso,Trusler,atrusler86@behance.net,Male,49.92.241.24
296,Dari,Gebhard,dgebhard87@networksolutions.com,Female,120.73.94.181
297,Yasmin,Charer,ycharer88@mtv.com,Female,161.188.241.92
298,Rowan,Shields,rshields89@time.com,Non-binary,103.6.90.101
299,Halli,Tomasicchio,htomasicchio8a@slashdot.org,Female,144.86.129.95
300,Margaretha,Mowsdale,mmowsdale8b@businesswire.com,Male,41.185.93.16
301,Osbert,Vasiltsov,ovasiltsov8c@dot.gov,Male,46.139.31.230
302,Olvan,Chrystie,ochrystie8d@blogger.com,Female,34.29.17.121
303,Helenka,Winnister,hwinnister8e@deviantart.com,Male,184.29.29.193
304,Trenton,Coniff,tconiff8f@omniture.com,Genderfluid,215.179.14.62
305,Karine,Woodford,kwoodford8g@woothemes.com,Female,18.234.57.72
306,Sax,Philippson,sphilippson8h@google.de,Female,37.170.14.104
307,Homer,Kach,hkach8i@gizmodo.com,Female,194.216.240.119
308,Iseabal,Titmus,ititmus8j@pinterest.com,Agender,84.108.160.220
309,Camilla,Shakespear,cshakespear8k@time.com,Male,245.57.160.236
310,Cordula,Miles,cmiles8l@nih.gov,Male,192.80.106.54
311,Harlene,Leverage,hleverage8m@ezinearticles.com,Male,23.107.120.7
312,Barny,Brown,bbrown8n@nsw.gov.au,Female,30.194.191.124
313,Brenna,Hansom,bhansom8o@rediff.com,Female,165.253.200.78
314,Hewitt,Droghan,hdroghan8p@amazon.com,Male,49.81.113.91
315,Gerhardt,Buntain,gbuntain8q@un.org,Female,192.232.231.242
316,Tanney,Bennedsen,tbennedsen8r@bravesites.com,Female,254.97.174.121
317,Rhea,Thursby,rthursby8s@hao123.com,Female,79.103.74.232
318,Tuck,Sharram,tsharram8t@google.com.au,Female,255.139.215.59
319,Malory,Dasent,mdasent8u@ucsd.edu,Male,45.237.233.156
320,Miles,Pendleton,mpendleton8v@goo.ne.jp,Male,137.5.170.135
321,Orly,Skaif,oskaif8w@indiatimes.com,Female,191.74.202.179
322,Smitty,Scoggins,sscoggins8x@yandex.ru,Male,156.251.58.132
323,Stesha,Filipov,sfilipov8y@vk.com,Male,164.133.133.81
324,Florinda,Pozer,fpozer8z@google.com.hk,Non-binary,224.116.59.151
325,Jarred,Beetlestone,jbeetlestone90@cisco.com,Male,194.240.212.69
326,Merrill,Crinkley,mcrinkley91@springer.com,Female,46.218.44.31
327,Caspar,Esley,cesley92@wikimedia.org,Female,147.41.15.1
328,Corine,Van den Broek,cvandenbroek93@istockphoto.com,Female,85.235.128.192
329,Wendye,Leve,wleve94@godaddy.com,Female,171.63.5.96
330,Lukas,Simonot,lsimonot95@hubpages.com,Bigender,36.8.226.205
331,Prentiss,Ruperti,pruperti96@alexa.com,Male,46.136.106.160
332,Magdalen,Vescovo,mvescovo97@rambler.ru,Female,149.141.100.21
333,Christabel,Keaves,ckeaves98@apple.com,Male,203.4.51.240
334,Josy,Kinnett,jkinnett99@tmall.com,Female,66.31.81.179
335,Jimmie,Greim,jgreim9a@jugem.jp,Female,10.233.119.93
336,Marketa,Cadge,mcadge9b@aol.com,Male,99.247.12.30
337,Roch,Emeline,remeline9c@themeforest.net,Polygender,101.116.197.183
338,Danya,Ladon,dladon9d@huffingtonpost.com,Male,56.49.212.197
339,Ermentrude,Levett,elevett9e@lulu.com,Male,19.223.212.162
340,Ida,Hurdis,ihurdis9f@storify.com,Female,117.84.133.90
341,Lesley,Sher,lsher9g@amazon.de,Female,168.31.188.2
342,Eartha,Ferrant,eferrant9h@altervista.org,Male,170.35.194.23
343,Orv,Badrick,obadrick9i@geocities.jp,Male,72.239.125.163
344,Towney,Minette,tminette9j@gravatar.com,Female,163.219.62.130
345,Sonnie,Oliffe,soliffe9k@elegantthemes.com,Female,91.88.33.42
346,Alva,Gartland,agartland9l@amazon.co.jp,Female,50.34.176.215
347,Dreddy,Ryall,dryall9m@istockphoto.com,Female,10.30.40.72
348,Estevan,Fullick,efullick9n@example.com,Genderfluid,55.156.53.83
349,Raviv,Potticary,rpotticary9o@baidu.com,Male,217.224.202.251
350,Donnajean,Dyson,ddyson9p@addthis.com,Female,34.238.1.174
351,Ermanno,Preddy,epreddy9q@zimbio.com,Male,199.84.90.138
352,Alisa,Matusov,amatusov9r@nationalgeographic.com,Male,84.243.229.100
353,Clarice,Purseglove,cpurseglove9s@washingtonpost.com,Male,120.109.160.5
354,Bab,Guitte,bguitte9t@bigcartel.com,Male,1.193.179.211
355,Aldridge,Clout,aclout9u@china.com.cn,Agender,60.132.66.254
356,Bettye,Rexworthy,brexworthy9v@ezinearticles.com,Male,178.130.51.7
357,Denyse,Druitt,ddruitt9w@washingtonpost.com,Bigender,27.6.250.43
358,Irvine,Almey,ialmey9x@oakley.com,Male,214.109.5.214
359,Dyane,Worssam,dworssam9y@addthis.com,Male,69.183.47.75
360,Winni,Inchley,winchley9z@eepurl.com,Female,255.78.189.112
361,Maye,Anglin,manglina0@shareasale.com,Non-binary,64.190.116.135
362,Nicolais,Hindshaw,nhindshawa1@ebay.com,Female,64.133.132.96
363,Tabb,Fleetwood,tfleetwooda2@com.com,Male,167.57.163.44
364,Tootsie,Dumbar,tdumbara3@marriott.com,Female,175.177.28.36
365,Keeley,Pottinger,kpottingera4@vinaora.com,Male,90.124.74.4
366,Julia,O'Hanlon,johanlona5@elpais.com,Female,132.13.82.25
367,Josi,Brockest,jbrockesta6@msu.edu,Female,128.70.100.231
368,Constantine,Siebart,csiebarta7@spotify.com,Female,152.149.86.36
369,Silvia,Isoldi,sisoldia8@live.com,Male,98.232.33.41
370,Ronnie,Vanshin,rvanshina9@imdb.com,Female,124.86.67.197
371,Sarine,Glencorse,sglencorseaa@ft.com,Female,46.145.9.160
372,Laurena,Ollet,lolletab@guardian.co.uk,Female,43.189.75.157
373,Rorke,Union,runionac@aboutads.info,Female,112.165.213.108
374,Deana,De Cleyne,ddecleynead@squarespace.com,Polygender,39.136.121.172
375,Martainn,Haslegrave,mhaslegraveae@economist.com,Female,56.233.187.100
376,Renate,Ralling,rrallingaf@theguardian.com,Female,3.228.38.142
377,Dusty,MacLardie,dmaclardieag@dmoz.org,Female,45.178.142.250
378,Barrie,Everson,beversonah@dmoz.org,Female,237.86.32.238
379,Aleece,Duffy,aduffyai@github.io,Male,137.220.2.227
380,Zorine,Websdale,zwebsdaleaj@acquirethisname.com,Female,240.197.96.111
381,Cordy,Bellows,cbellowsak@cisco.com,Male,121.26.4.183
382,Lincoln,LeEstut,lleestutal@github.io,Female,54.6.196.8
383,Maury,O' Ronan,moronanam@hud.gov,Male,186.40.199.181
384,Malorie,Chaffer,mchafferan@wikia.com,Male,66.62.26.41
385,Horatius,Brisset,hbrissetao@senate.gov,Male,248.22.171.235
386,Dorise,Cadden,dcaddenap@skyrock.com,Female,136.248.174.145
387,Orson,Lente,olenteaq@goo.gl,Male,105.229.172.74
388,Franciskus,Poynor,fpoynorar@hugedomains.com,Female,45.238.191.242
389,Heywood,Watkiss,hwatkissas@yahoo.co.jp,Female,44.175.235.99
390,Merrel,Gruczka,mgruczkaat@gnu.org,Male,222.166.53.145
391,Griswold,Vise,gviseau@guardian.co.uk,Male,132.215.48.129
392,Sarah,Bristoe,sbristoeav@instagram.com,Female,209.164.152.108
393,Blinni,Berthome,bberthomeaw@elegantthemes.com,Female,150.32.171.113
394,Selinda,Pease,speaseax@cbsnews.com,Male,93.43.17.108
395,Herta,Henrique,hhenriqueay@reuters.com,Male,187.183.165.80
396,Lorin,Klassmann,lklassmannaz@php.net,Female,75.177.4.208
397,Jesse,Kirkbride,jkirkbrideb0@mac.com,Male,119.182.231.44
398,Shir,Beeze,sbeezeb1@fc2.com,Bigender,178.87.181.72
399,Bettina,Lorryman,blorrymanb2@go.com,Male,15.198.229.158
400,Brandy,Howchin,bhowchinb3@hugedomains.com,Female,138.64.42.246
401,Early,Pearce,epearceb4@dion.ne.jp,Male,157.195.225.222
402,Valida,Pfaff,vpfaffb5@army.mil,Female,85.114.52.108
403,Padraic,Beckitt,pbeckittb6@archive.org,Male,92.29.166.104
404,Baryram,Pullin,bpullinb7@digg.com,Male,196.134.40.146
405,Wolf,Feldhuhn,wfeldhuhnb8@cpanel.net,Female,46.227.119.39
406,Morgan,Wogden,mwogdenb9@taobao.com,Female,104.209.78.151
407,Alejandro,Feilden,afeildenba@omniture.com,Female,83.230.45.14
408,Bunnie,Bithany,bbithanybb@yahoo.com,Genderfluid,216.122.194.147
409,Avivah,Billion,abillionbc@sfgate.com,Female,234.255.164.148
410,Cynthy,Gaudon,cgaudonbd@pcworld.com,Female,150.133.143.18
411,Mickey,Timson,mtimsonbe@time.com,Male,97.154.194.17
412,Thorvald,Ianittello,tianittellobf@yellowbook.com,Female,197.37.239.190
413,Ariel,Billett,abillettbg@uiuc.edu,Male,190.57.134.145
414,Brigitte,Parnell,bparnellbh@hubpages.com,Female,150.65.245.90
415,Sandor,Tavinor,stavinorbi@xing.com,Bigender,115.2.209.209
416,Manon,Beesey,mbeeseybj@51.la,Male,253.59.156.118
417,Nathanil,Lawlor,nlawlorbk@angelfire.com,Male,54.7.176.67
418,Karoly,Sillitoe,ksillitoebl@state.tx.us,Male,8.225.30.220
419,Fletch,Biggen,fbiggenbm@ucoz.com,Female,163.19.20.124
420,Abbie,Skaif,askaifbn@narod.ru,Male,147.242.72.254
421,Florina,Lode,flodebo@fema.gov,Male,10.96.63.253
422,Irwinn,Hansen,ihansenbp@go.com,Male,72.207.60.60
423,Jinny,Vause,jvausebq@fastcompany.com,Non-binary,155.37.229.139
424,Dominique,Copestick,dcopestickbr@independent.co.uk,Female,247.196.73.47
425,Dianemarie,Aicken,daickenbs@xrea.com,Female,164.210.47.61
426,Toiboid,Windless,twindlessbt@printfriendly.com,Male,187.76.180.162
427,Galvan,Linton,glintonbu@studiopress.com,Male,89.145.240.231
428,Estelle,Heustace,eheustacebv@pen.io,Male,27.168.53.112
429,Rafaelia,Diche,rdichebw@sfgate.com,Female,193.74.128.101
430,Mufinella,O' Dooley,modooleybx@rambler.ru,Female,180.243.105.91
431,Nickolai,Milmo,nmilmoby@sun.com,Male,28.105.140.174
432,Paco,Mustill,pmustillbz@google.co.uk,Non-binary,110.157.165.232
433,Margaret,Nevin,mnevinc0@phoca.cz,Male,94.25.213.62
434,Rube,McGeachie,rmcgeachiec1@foxnews.com,Female,236.49.220.171
435,Carolann,Thome,cthomec2@chicagotribune.com,Female,182.105.20.18
436,Dehlia,Dreinan,ddreinanc3@furl.net,Female,251.51.210.106
437,Leticia,Lamboll,llambollc4@gnu.org,Female,144.105.140.57
438,Lisabeth,Hayle,lhaylec5@blogger.com,Female,28.126.76.221
439,Tess,Derdes,tderdesc6@irs.gov,Female,242.252.26.59
440,Garfield,Chapiro,gchapiroc7@is.gd,Male,125.57.38.118
441,Tammie,Tatchell,ttatchellc8@bizjournals.com,Male,105.191.248.240
442,Meta,Enrietto,menriettoc9@fc2.com,Female,197.177.225.192
443,Calley,Smooth,csmoothca@naver.com,Female,242.24.99.153
444,Arabel,Coarser,acoarsercb@google.com.br,Male,237.108.113.237
445,Belinda,Readie,breadiecc@soundcloud.com,Male,137.179.160.178
446,Tonye,Getcliffe,tgetcliffecd@last.fm,Male,185.223.36.98
447,Jud,Carloni,jcarlonice@barnesandnoble.com,Female,198.13.75.68
448,Latia,Messier,lmessiercf@forbes.com,Male,143.131.218.154
449,Dwayne,Glowacki,dglowackicg@deviantart.com,Male,243.251.209.54
450,Filide,Maffetti,fmaffettich@nature.com,Female,173.234.176.140
451,Evita,Watchorn,ewatchornci@wisc.edu,Male,36.211.78.158
452,Cosetta,Kemwal,ckemwalcj@dell.com,Female,19.138.55.73
453,Roobbie,Youll,ryoullck@technorati.com,Female,53.15.67.126
454,Kyle,Neiland,kneilandcl@trellian.com,Female,107.109.46.100
455,Caren,Peckitt,cpeckittcm@123-reg.co.uk,Female,128.250.233.210
456,Caesar,Kingwell,ckingwellcn@vistaprint.com,Genderfluid,129.207.114.212
457,Mandel,Sebyer,msebyerco@mtv.com,Male,44.54.69.16
458,Friederike,Squeers,fsqueerscp@cisco.com,Male,73.169.84.61
459,Horatio,Baudassi,hbaudassicq@apple.com,Bigender,120.51.239.183
460,Jaine,Watsam,jwatsamcr@wisc.edu,Male,8.232.27.94
461,Stacee,MacCole,smaccolecs@deliciousdays.com,Male,121.216.107.173
462,Ardath,Witz,awitzct@salon.com,Female,14.253.206.160
463,Fawne,Skiggs,fskiggscu@aboutads.info,Female,98.26.246.101
464,Lidia,Keane,lkeanecv@sciencedirect.com,Non-binary,22.14.152.177
465,Randolph,Hellmore,rhellmorecw@answers.com,Male,252.3.146.49
466,Dorie,Longmire,dlongmirecx@google.cn,Male,232.126.21.51
467,Sam,Petett,spetettcy@soundcloud.com,Female,29.214.4.96
468,Nesta,Tuckley,ntuckleycz@skype.com,Male,40.10.80.167
469,Bradly,Giorgiutti,bgiorgiuttid0@e-recht24.de,Male,195.235.140.167
470,Lenna,Wessel,lwesseld1@scientificamerican.com,Male,49.22.6.227
471,Barr,Scamerdine,bscamerdined2@constantcontact.com,Male,80.80.122.180
472,Zaneta,Huguenet,zhuguenetd3@reverbnation.com,Male,237.233.15.162
473,Ezekiel,Comiskey,ecomiskeyd4@youtube.com,Female,231.145.60.64
474,Martelle,Mary,mmaryd5@youku.com,Male,123.62.96.66
475,Elnora,Lermit,elermitd6@sourceforge.net,Female,8.83.43.156
476,Peg,Kordovani,pkordovanid7@godaddy.com,Male,23.210.236.203
477,Nita,Rigney,nrigneyd8@home.pl,Female,20.206.122.126
478,Elvin,Wem,ewemd9@alibaba.com,Genderfluid,55.29.27.133
479,Joann,Burdekin,jburdekinda@weebly.com,Bigender,65.57.110.224
480,Alexine,Campes,acampesdb@angelfire.com,Genderqueer,85.251.82.186
481,Hale,Fillgate,hfillgatedc@netvibes.com,Female,84.11.214.219
482,Pearline,Deniseau,pdeniseaudd@surveymonkey.com,Male,167.190.73.104
483,Dan,Maypowder,dmaypowderde@narod.ru,Female,221.3.83.17
484,Cherri,Crucitti,ccrucittidf@phoca.cz,Male,170.180.98.22
485,Blanch,Velti,bveltidg@naver.com,Male,22.8.228.242
486,Lucian,Poller,lpollerdh@mayoclinic.com,Female,206.253.162.218
487,Gay,Jolliffe,gjolliffedi@nytimes.com,Male,45.111.3.147
488,Eleni,Burcher,eburcherdj@flickr.com,Genderqueer,62.15.205.17
489,Mallissa,Brayshay,mbrayshaydk@mayoclinic.com,Male,209.79.179.206
490,Carlynn,Tunnow,ctunnowdl@msn.com,Bigender,205.252.193.62
491,Basilio,Aslett,baslettdm@hhs.gov,Male,71.23.162.117
492,Aguistin,Cowpland,acowplanddn@1688.com,Male,183.146.202.128
493,Sylvia,Laphorn,slaphorndo@mysql.com,Male,148.137.34.201
494,Ellen,Francesco,efrancescodp@smh.com.au,Male,115.39.57.78
495,Lyndell,Elnaugh,lelnaughdq@newsvine.com,Female,42.150.161.54
496,Felisha,Gowing,fgowingdr@wix.com,Polygender,117.62.76.106
497,Lark,Whayman,lwhaymands@aol.com,Male,221.170.125.34
498,Marian,Dunthorne,mdunthornedt@scientificamerican.com,Male,195.95.55.122
499,Evangelia,Pietraszek,epietraszekdu@bravesites.com,Male,97.115.162.210
500,Dwight,Huckster,dhucksterdv@geocities.com,Female,243.215.134.188
501,Abbi,Thomas,athomasdw@liveinternet.ru,Female,14.55.213.93
502,Nicki,Clutheram,nclutheramdx@fotki.com,Male,3.142.191.182
503,Jacklyn,Vassbender,jvassbenderdy@pcworld.com,Male,230.0.193.181
504,Batsheva,Roizin,broizindz@virginia.edu,Genderfluid,186.208.124.218
505,Waly,Ring,wringe0@sourceforge.net,Female,26.154.50.10
506,Aila,Swalowe,aswalowee1@ezinearticles.com,Male,249.120.240.191
507,Flem,Brisard,fbrisarde2@engadget.com,Female,255.169.221.171
508,Hortensia,Glamart,hglamarte3@cargocollective.com,Male,61.180.11.142
509,Annabela,Pieter,apietere4@yandex.ru,Male,83.99.114.95
510,Hubey,McKane,hmckanee5@nba.com,Female,66.181.113.205
511,Booth,McKibben,bmckibbene6@netlog.com,Male,155.23.118.111
512,Charles,Espadater,cespadatere7@pinterest.com,Female,170.16.137.81
513,Horten,De Vaan,hdevaane8@cbsnews.com,Male,7.103.175.181
514,Lynnea,Feathersby,lfeathersbye9@bloomberg.com,Male,12.178.217.81
515,Jessamyn,Cocklie,jcocklieea@purevolume.com,Bigender,213.178.110.183
516,Garner,Alexandrescu,galexandrescueb@paypal.com,Female,40.112.71.232
517,Lynea,Tatlock,ltatlockec@samsung.com,Male,192.15.242.5
518,Archambault,Sonner,asonnered@deviantart.com,Male,172.101.8.110
519,Terza,Kirley,tkirleyee@geocities.com,Male,80.69.188.241
520,Annabal,Boycott,aboycottef@delicious.com,Male,137.78.177.249
521,Faye,Ivanyushin,fivanyushineg@thetimes.co.uk,Male,22.163.252.248
522,Gearalt,Lyver,glyvereh@fema.gov,Male,192.1.131.207
523,Toby,Culross,tculrossei@cyberchimps.com,Male,242.48.244.148
524,Perla,Goldsworthy,pgoldsworthyej@slashdot.org,Female,102.93.104.195
525,Clyve,Felderer,cfeldererek@time.com,Male,126.220.57.55
526,Melvin,Jessard,mjessardel@mlb.com,Male,1.204.143.50
527,Babs,Reyner,breynerem@slideshare.net,Bigender,161.159.117.120
528,Artemis,Kingscott,akingscotten@nytimes.com,Female,233.181.98.110
529,Marge,Titta,mtittaeo@symantec.com,Male,115.218.133.133
530,Lalo,O'Crigan,locriganep@netlog.com,Female,246.84.69.42
531,Elisabet,Roches,erocheseq@unc.edu,Female,113.195.241.183
532,Dicky,Antonognoli,dantonognolier@china.com.cn,Male,95.62.120.172
533,Shaughn,Kilfoyle,skilfoylees@techcrunch.com,Female,87.244.64.236
534,Fran,Ismay,fismayet@aol.com,Female,16.133.248.214
535,Darb,Valenta,dvalentaeu@aol.com,Female,14.1.58.179
536,Lorraine,Vlach,lvlachev@patch.com,Male,82.160.250.162
537,April,Timny,atimnyew@princeton.edu,Male,233.116.108.216
538,Hakim,Wheadon,hwheadonex@cpanel.net,Female,240.117.21.23
539,Sigrid,Pencost,spencostey@creativecommons.org,Male,6.255.191.25
540,Ronnie,Latty,rlattyez@yelp.com,Female,203.132.121.165
541,Sheryl,Lincey,slinceyf0@tripod.com,Agender,180.128.255.183
542,Joey,Coates,jcoatesf1@ask.com,Female,164.72.13.59
543,Elbert,Maile,emailef2@washingtonpost.com,Female,189.240.25.255
544,Nell,Woodrooffe,nwoodrooffef3@fotki.com,Male,79.193.37.72
545,Dolf,Rought,droughtf4@dell.com,Female,151.238.233.56
546,Ursala,Courtin,ucourtinf5@spotify.com,Male,8.245.123.153
547,Sisely,Boyd,sboydf6@theguardian.com,Female,84.191.68.110
548,Redd,Moorfield,rmoorfieldf7@theguardian.com,Female,124.206.103.88
549,Chelsea,Kinder,ckinderf8@about.com,Male,14.124.4.132
550,Richie,Ruecastle,rruecastlef9@nyu.edu,Female,233.166.50.46
551,Syd,Faucherand,sfaucherandfa@mapy.cz,Male,36.228.234.21
552,Tobin,Beiderbeck,tbeiderbeckfb@multiply.com,Female,139.9.64.172
553,Kelly,Fordyce,kfordycefc@typepad.com,Female,10.131.178.97
554,Gardie,Devon,gdevonfd@blog.com,Female,170.0.64.155
555,Fonz,Goodyer,fgoodyerfe@shareasale.com,Female,103.67.15.79
556,Nickie,Souten,nsoutenff@sciencedirect.com,Female,123.129.113.173
557,Hailee,Kohter,hkohterfg@uol.com.br,Agender,126.22.180.98
558,Augie,Jickles,ajicklesfh@constantcontact.com,Male,53.44.216.3
559,Selene,Rickhuss,srickhussfi@ebay.co.uk,Male,97.128.57.62
560,Sauncho,Tallow,stallowfj@amazon.com,Female,109.116.165.153
561,Kelsey,Knutsen,kknutsenfk@netlog.com,Male,208.123.103.90
562,Hortense,Ruller,hrullerfl@prlog.org,Male,161.163.65.57
563,Baryram,Shills,bshillsfm@redcross.org,Male,128.62.8.128
564,Betteann,Jammet,bjammetfn@163.com,Male,134.175.131.177
565,Sharlene,Toon,stoonfo@chronoengine.com,Female,125.81.55.249
566,Dennis,Markovich,dmarkovichfp@icio.us,Female,37.13.9.230
567,Devin,Gai,dgaifq@army.mil,Bigender,168.247.29.141
568,Jacki,Minton,jmintonfr@simplemachines.org,Non-binary,17.123.251.107
569,Dosi,Hindge,dhindgefs@icq.com,Female,63.182.85.218
570,Aleen,Chant,achantft@unicef.org,Male,173.255.255.108
571,Pammie,Nealand,pnealandfu@digg.com,Genderqueer,157.115.89.151
572,Tabina,Selwyne,tselwynefv@sun.com,Male,39.90.239.10
573,Melody,Critcher,mcritcherfw@ucsd.edu,Female,101.22.130.191
574,Perice,Catherick,pcatherickfx@twitpic.com,Female,111.53.130.87
575,Gilemette,Sail,gsailfy@mashable.com,Male,74.8.158.160
576,Mona,Kuhwald,mkuhwaldfz@google.ca,Polygender,223.98.175.32
577,Mahmud,Flanagan,mflanagang0@ucla.edu,Male,155.150.181.181
578,Angelia,Camous,acamousg1@mayoclinic.com,Male,36.12.22.95
579,Hobey,Giovannardi,hgiovannardig2@feedburner.com,Male,180.89.143.223
580,Ranee,Ygoe,rygoeg3@addthis.com,Non-binary,215.67.136.117
581,Abram,Oliff,aoliffg4@prweb.com,Female,95.207.77.176
582,Barbi,Blankley,bblankleyg5@furl.net,Male,101.66.242.51
583,Chrissy,Witheridge,cwitheridgeg6@freewebs.com,Female,123.9.17.76
584,Gan,Coll,gcollg7@skyrock.com,Female,91.152.112.216
585,Burgess,Tryhorn,btryhorng8@latimes.com,Female,112.212.231.233
586,Ferrel,Broadist,fbroadistg9@ox.ac.uk,Female,148.176.107.53
587,Raymond,Been,rbeenga@miitbeian.gov.cn,Male,49.243.61.92
588,Calv,Baxendale,cbaxendalegb@java.com,Female,41.251.238.56
589,Kyle,Rappoport,krappoportgc@youtu.be,Male,5.0.23.205
590,Rudy,Roggieri,rroggierigd@tripadvisor.com,Male,177.240.208.179
591,Kalvin,Harriss,kharrissge@businesswire.com,Male,223.240.4.95
592,Clo,Dudding,cduddinggf@adobe.com,Male,138.68.247.92
593,Berkley,Rooke,brookegg@reuters.com,Male,250.150.202.163
594,Werner,Radband,wradbandgh@chron.com,Male,89.244.142.187
595,Robbyn,Eneas,reneasgi@bigcartel.com,Female,54.97.71.36
596,Melva,Betty,mbettygj@loc.gov,Male,70.231.165.89
597,Eberto,Rycroft,erycroftgk@apache.org,Female,8.224.103.73
598,Othelia,Grainge,ograingegl@shareasale.com,Male,146.5.48.75
599,Edeline,Shaw,eshawgm@nhs.uk,Male,93.223.60.111
600,Annamaria,Leiden,aleidengn@forbes.com,Male,117.183.139.119
601,Kordula,Brafield,kbrafieldgo@example.com,Genderfluid,175.166.88.202
602,Omero,Troyes,otroyesgp@twitter.com,Female,70.74.153.118
603,Dukey,Shorie,dshoriegq@ifeng.com,Female,36.170.158.225
604,Kerianne,Plant,kplantgr@reverbnation.com,Female,117.143.167.247
605,Virgie,Allcoat,vallcoatgs@fc2.com,Male,176.205.196.18
606,Marylou,Crace,mcracegt@oaic.gov.au,Genderfluid,242.221.242.201
607,Sander,Corneljes,scorneljesgu@aol.com,Female,23.81.108.82
608,Sibilla,Anselmi,sanselmigv@admin.ch,Female,150.206.245.126
609,Leeland,Sawter,lsawtergw@msn.com,Male,165.215.34.201
610,Shurwood,Hansom,shansomgx@paginegialle.it,Female,146.148.188.77
611,Padraig,Gosforth,pgosforthgy@baidu.com,Male,146.117.98.25
612,Maynard,Robathon,mrobathongz@nih.gov,Female,22.7.145.8
613,Janel,Kruschov,jkruschovh0@microsoft.com,Male,16.131.116.76
614,Ogdan,Liverock,oliverockh1@census.gov,Female,254.28.194.56
615,Eileen,Huske,ehuskeh2@guardian.co.uk,Female,55.195.64.80
616,Teresa,Everall,teverallh3@thetimes.co.uk,Polygender,248.193.198.87
617,Mort,Manuaud,mmanuaudh4@shop-pro.jp,Female,40.113.69.207
618,Desi,Broadnicke,dbroadnickeh5@sourceforge.net,Genderfluid,52.67.236.56
619,Weider,Thompstone,wthompstoneh6@noaa.gov,Male,36.209.152.235
620,Antony,Blouet,abloueth7@artisteer.com,Female,58.40.45.177
621,Margaret,Castlake,mcastlakeh8@unicef.org,Bigender,207.114.49.64
622,Conn,Roly,crolyh9@alibaba.com,Male,82.145.11.198
623,Myrah,Pallister,mpallisterha@delicious.com,Male,221.17.95.199
624,Dehlia,Penrith,dpenrithhb@live.com,Male,34.174.78.161
625,Guenna,Dewing,gdewinghc@psu.edu,Male,176.153.209.1
626,Laurella,Finci,lfincihd@jalbum.net,Female,36.17.135.12
627,Griswold,Kennington,gkenningtonhe@diigo.com,Agender,114.215.54.251
628,Ingrim,Haley,ihaleyhf@nifty.com,Male,34.246.88.135
629,Corrie,Wadhams,cwadhamshg@theatlantic.com,Male,229.229.206.30
630,Roxana,Domingues,rdomingueshh@imdb.com,Male,24.180.46.65
631,Jolie,Trencher,jtrencherhi@pen.io,Female,46.33.41.95
632,Adorne,Reddyhoff,areddyhoffhj@simplemachines.org,Female,162.102.133.202
633,Jamal,Binley,jbinleyhk@php.net,Agender,241.131.208.220
634,Armando,Kenton,akentonhl@technorati.com,Male,82.154.3.176
635,Tabor,Bass,tbasshm@mapy.cz,Female,153.132.12.68
636,Zandra,Betteriss,zbetterisshn@columbia.edu,Female,229.54.245.75
637,Carl,Gladyer,cgladyerho@instagram.com,Polygender,15.69.49.223
638,Jobi,Peaden,jpeadenhp@pen.io,Male,109.53.252.214
639,Gennie,Ast,gasthq@cnbc.com,Female,48.29.220.166
640,Arabelle,Molloy,amolloyhr@zdnet.com,Female,5.244.130.183
641,Sadye,Fitton,sfittonhs@stanford.edu,Male,113.176.248.233
642,Kenton,Geill,kgeillht@cnbc.com,Polygender,207.226.158.30
643,Alane,Shegog,ashegoghu@icq.com,Female,252.241.66.98
644,Banky,Giacovazzo,bgiacovazzohv@topsy.com,Male,61.210.15.213
645,Deeanne,Delmage,ddelmagehw@imageshack.us,Female,130.166.122.38
646,Ondrea,Rikkard,orikkardhx@youku.com,Male,255.112.59.169
647,Myrwyn,Dwire,mdwirehy@nih.gov,Female,21.187.189.101
648,Kristel,Clemett,kclemetthz@bravesites.com,Genderqueer,211.52.129.24
649,Ara,Adamski,aadamskii0@blinklist.com,Female,141.48.203.150
650,Ugo,Horsell,uhorselli1@creativecommons.org,Male,220.149.7.187
651,Stuart,Orriss,sorrissi2@wsj.com,Male,75.160.203.237
652,Quinn,Piddle,qpiddlei3@abc.net.au,Male,16.146.33.225
653,Jerry,Bertson,jbertsoni4@timesonline.co.uk,Male,172.222.252.165
654,Angelika,Wilstead,awilsteadi5@spiegel.de,Female,84.158.245.3
655,Patrice,Himsworth,phimsworthi6@artisteer.com,Male,10.162.23.105
656,Cinda,Greenhouse,cgreenhousei7@theatlantic.com,Female,224.237.65.204
657,Mechelle,Andrei,mandreii8@ucoz.com,Male,207.96.47.128
658,Moises,Dreger,mdregeri9@reference.com,Male,6.153.76.52
659,Gonzalo,Fawssett,gfawssettia@yolasite.com,Female,178.85.21.179
660,Garner,Percifull,gpercifullib@php.net,Female,247.72.146.239
661,Ardyce,Ingman,aingmanic@theguardian.com,Female,253.108.91.203
662,Katrina,Doak,kdoakid@tiny.cc,Male,137.65.114.114
663,Rayna,Futcher,rfutcherie@taobao.com,Male,253.198.233.68
664,Hillard,Kollas,hkollasif@blog.com,Male,124.25.178.199
665,Angelique,Longlands,alonglandsig@ox.ac.uk,Male,133.94.9.213
666,Chet,Hainey,chaineyih@nifty.com,Polygender,164.4.137.128
667,Jonathan,Creed,jcreedii@admin.ch,Female,203.188.114.244
668,Kaitlin,Peverell,kpeverellij@mapquest.com,Male,53.78.142.128
669,Elmore,Heiton,eheitonik@sourceforge.net,Female,20.101.92.198
670,Felicity,Stenner,fstenneril@newsvine.com,Non-binary,65.154.62.226
671,Isabelle,Trevna,itrevnaim@army.mil,Male,193.246.201.123
672,Emelina,Tumpane,etumpanein@yellowbook.com,Male,120.18.208.172
673,Reuben,Spare,rspareio@cbc.ca,Bigender,169.29.138.56
674,Marian,Manske,mmanskeip@nydailynews.com,Male,255.2.104.132
675,Royal,Smallridge,rsmallridgeiq@ucoz.com,Male,168.249.82.4
676,Sharity,Silverstone,ssilverstoneir@free.fr,Female,203.71.179.227
677,Laural,Bythell,lbythellis@gizmodo.com,Male,23.106.208.179
678,Peter,Ganter,pganterit@amazon.co.uk,Bigender,249.63.203.80
679,Adel,Busher,abusheriu@globo.com,Female,36.54.153.152
680,Aggi,Rodgier,arodgieriv@twitpic.com,Male,120.87.122.109
681,Melody,Lukock,mlukockiw@netlog.com,Male,42.65.90.80
682,Florette,Shermar,fshermarix@amazon.de,Male,211.32.251.205
683,Robena,Bristowe,rbristoweiy@google.com,Male,58.82.176.178
684,Jaynell,Rodway,jrodwayiz@imdb.com,Female,237.99.98.113
685,Kippy,Lorek,klorekj0@zdnet.com,Female,252.201.77.113
686,Sherye,Weinberg,sweinbergj1@storify.com,Male,136.83.92.151
687,Eryn,Haggus,ehaggusj2@youtube.com,Polygender,115.139.160.164
688,Mag,Bigland,mbiglandj3@meetup.com,Male,134.207.250.137
689,Nanette,Forsdicke,nforsdickej4@ameblo.jp,Male,34.246.23.176
690,Brigit,Kalvin,bkalvinj5@slashdot.org,Male,84.68.139.4
691,Terri-jo,Van den Dael,tvandendaelj6@taobao.com,Male,110.188.58.93
692,Nickolaus,Gunton,nguntonj7@constantcontact.com,Male,85.149.53.68
693,Inna,O'Scollee,ioscolleej8@foxnews.com,Male,104.245.236.242
694,Jobyna,Butterwick,jbutterwickj9@istockphoto.com,Male,236.199.178.21
695,Janeta,Boykett,jboykettja@cpanel.net,Female,32.151.71.67
696,Steffane,Gritten,sgrittenjb@aboutads.info,Female,80.73.118.233
697,Baillie,Berndtssen,bberndtssenjc@networkadvertising.org,Genderqueer,45.212.252.49
698,Jodi,Castagna,jcastagnajd@icio.us,Male,86.251.34.13
699,Yancy,Mowlam,ymowlamje@timesonline.co.uk,Male,95.165.164.124
700,Raphaela,Ullyatt,rullyattjf@hubpages.com,Male,53.133.68.177
701,Renate,Leyburn,rleyburnjg@gizmodo.com,Male,116.205.123.143
702,Fayth,Darkott,fdarkottjh@netscape.com,Female,194.224.62.115
703,Rozina,Menary,rmenaryji@last.fm,Male,68.212.180.124
704,Myrtle,Skeech,mskeechjj@topsy.com,Male,185.192.90.24
705,Adelice,Keme,akemejk@delicious.com,Female,232.190.44.227
706,Ingrim,O'Luney,ioluneyjl@cloudflare.com,Male,115.80.213.208
707,Rycca,McDiarmid,rmcdiarmidjm@globo.com,Female,48.5.222.58
708,Barnett,MacRury,bmacruryjn@de.vu,Female,232.36.237.186
709,Glennie,Bramsen,gbramsenjo@yandex.ru,Male,22.219.97.77
710,Samuel,Johananov,sjohananovjp@scientificamerican.com,Female,14.172.128.72
711,Melissa,Rosina,mrosinajq@skyrock.com,Female,98.119.140.135
712,Lucias,Sebborn,lsebbornjr@oaic.gov.au,Female,190.125.201.29
713,Lauren,Bampton,lbamptonjs@discuz.net,Female,42.62.156.149
714,Rachele,Jorge,rjorgejt@indiatimes.com,Female,223.251.234.0
715,Bess,Briscam,bbriscamju@pagesperso-orange.fr,Non-binary,78.230.78.237
716,Frannie,Faldo,ffaldojv@mashable.com,Male,140.91.117.159
717,Christabella,Snowden,csnowdenjw@g.co,Female,79.93.118.110
718,Jourdan,Risom,jrisomjx@google.fr,Genderqueer,190.182.100.108
719,Thomasin,Palphreyman,tpalphreymanjy@wordpress.org,Female,123.81.195.69
720,Howie,Riccardo,hriccardojz@dyndns.org,Male,221.41.144.41
721,Jennee,Forsaith,jforsaithk0@reference.com,Male,111.178.255.164
722,Brunhilde,McCaughen,bmccaughenk1@jalbum.net,Female,68.72.30.129
723,Brigid,Hritzko,bhritzkok2@canalblog.com,Male,104.144.62.12
724,Laurette,Ikin,likink3@youtube.com,Male,210.255.35.135
725,Hadrian,Janzen,hjanzenk4@bloglines.com,Bigender,97.146.166.252
726,Janelle,Adamsen,jadamsenk5@cocolog-nifty.com,Male,152.62.90.122
727,Venita,Wrettum,vwrettumk6@blogtalkradio.com,Male,182.76.199.69
728,Ana,Giorgi,agiorgik7@wsj.com,Male,160.147.198.199
729,Netta,Priestley,npriestleyk8@cbc.ca,Male,230.114.133.118
730,Morey,Kinloch,mkinlochk9@yellowpages.com,Female,168.248.45.180
731,Bea,Gaskell,bgaskellka@ucoz.com,Male,26.199.127.106
732,Michaeline,Cawkwell,mcawkwellkb@paypal.com,Female,158.53.202.98
733,Itch,Oldknow,ioldknowkc@tiny.cc,Female,23.211.164.66
734,Jammal,Burkhill,jburkhillkd@wikipedia.org,Female,204.163.121.197
735,Farly,Winder,fwinderke@cocolog-nifty.com,Male,7.149.95.231
736,Armando,Burgess,aburgesskf@hhs.gov,Male,37.102.210.103
737,Clarita,Loader,cloaderkg@yahoo.com,Female,33.153.195.147
738,Dare,Lutton,dluttonkh@xinhuanet.com,Female,161.205.200.122
739,Rolfe,Park,rparkki@gnu.org,Male,3.190.50.194
740,Stanly,Allebone,sallebonekj@buzzfeed.com,Bigender,36.190.227.3
741,Emmit,Chattock,echattockkk@cam.ac.uk,Male,216.126.3.26
742,Kerk,Fray,kfraykl@seesaa.net,Female,127.194.198.234
743,Chrysa,Rexworthy,crexworthykm@wordpress.org,Polygender,231.13.34.202
744,Kyle,Dunthorne,kdunthornekn@meetup.com,Male,163.79.45.174
745,Willetta,McLinden,wmclindenko@google.com,Male,159.204.188.93
746,Monty,Boone,mboonekp@senate.gov,Female,57.89.60.6
747,Yolanthe,Jakubski,yjakubskikq@reddit.com,Male,64.66.138.179
748,Currie,Hugnet,chugnetkr@wordpress.org,Female,154.57.4.48
749,Nathalia,Chesley,nchesleyks@reverbnation.com,Male,61.70.173.205
750,Katya,Caldeyroux,kcaldeyrouxkt@apple.com,Female,177.25.182.66
751,Trent,Knapton,tknaptonku@csmonitor.com,Male,224.243.194.50
752,Cele,Toulson,ctoulsonkv@newyorker.com,Female,54.149.146.245
753,Rogerio,Pahl,rpahlkw@miibeian.gov.cn,Female,175.174.40.209
754,Diarmid,Kondratovich,dkondratovichkx@ucsd.edu,Female,137.102.100.17
755,Margi,Vye,mvyeky@mediafire.com,Non-binary,198.114.3.113
756,Ambrose,Lowth,alowthkz@ucla.edu,Male,66.165.91.77
757,Aaren,Ship,ashipl0@virginia.edu,Male,65.115.151.192
758,Minda,Bruckshaw,mbruckshawl1@goo.ne.jp,Female,201.228.194.238
759,Tirrell,Gratland,tgratlandl2@github.com,Genderqueer,176.222.95.143
760,Isidore,Goscar,igoscarl3@squarespace.com,Female,28.176.87.106
761,Tailor,Heeks,theeksl4@lulu.com,Female,11.130.95.2
762,Warde,Dreakin,wdreakinl5@addtoany.com,Female,224.161.140.63
763,Noelani,Fynn,nfynnl6@goo.ne.jp,Male,31.101.119.10
764,Karlee,Gerge,kgergel7@wired.com,Female,115.223.30.56
765,Ardene,Folliss,afollissl8@washington.edu,Female,8.194.85.139
766,Cristine,Yu,cyul9@1und1.de,Female,189.246.79.230
767,Danya,Abbet,dabbetla@sfgate.com,Male,91.40.94.48
768,Al,Learie,alearielb@ucoz.ru,Female,135.133.248.99
769,Renae,Scoullar,rscoullarlc@fotki.com,Female,35.59.251.184
770,Wilden,O'Daly,wodalyld@reuters.com,Male,162.124.58.21
771,Sissie,Fullicks,sfullicksle@example.com,Male,56.193.252.51
772,Rosamund,MacGoun,rmacgounlf@phpbb.com,Male,89.29.190.248
773,Fax,Cuttell,fcuttelllg@ycombinator.com,Female,102.208.148.191
774,Chic,Fontaine,cfontainelh@mail.ru,Male,113.154.188.55
775,Lyndell,Ladd,lladdli@people.com.cn,Female,109.94.2.125
776,Merrielle,Passman,mpassmanlj@thetimes.co.uk,Female,211.37.220.58
777,Deana,Gelder,dgelderlk@mozilla.org,Female,15.216.97.254
778,Gwenore,Stenbridge,gstenbridgell@unc.edu,Genderfluid,203.89.144.111
779,Tova,Bucknill,tbucknilllm@tuttocitta.it,Male,213.25.103.233
780,Lea,Sayer,lsayerln@bing.com,Male,114.243.80.234
781,Desi,Dyas,ddyaslo@bluehost.com,Female,11.73.50.109
782,Chev,Waterhous,cwaterhouslp@sourceforge.net,Male,19.211.68.42
783,Hermione,Massenhove,hmassenhovelq@cdbaby.com,Male,248.139.4.246
784,Agace,Frenzel;,afrenzellr@chronoengine.com,Male,134.255.130.180
785,Nollie,Rayhill,nrayhillls@aol.com,Female,101.126.51.215
786,Arliene,Hawtin,ahawtinlt@netlog.com,Male,70.232.211.207
787,Levon,Northeast,lnortheastlu@weibo.com,Male,160.73.5.11
788,Jammie,Sothern,jsothernlv@answers.com,Female,123.32.76.164
789,Koenraad,Corstorphine,kcorstorphinelw@foxnews.com,Male,103.94.145.198
790,Ansell,Dreschler,adreschlerlx@ocn.ne.jp,Female,166.245.95.137
791,Frazier,Baumadier,fbaumadierly@mtv.com,Male,171.126.144.135
792,Delila,Eckert,deckertlz@nymag.com,Female,226.78.139.141
793,Farleigh,Boule,fboulem0@over-blog.com,Male,20.251.203.50
794,Anne,Basini-Gazzi,abasinigazzim1@tripadvisor.com,Female,238.195.28.104
795,Pepillo,Moorcraft,pmoorcraftm2@elegantthemes.com,Male,34.169.226.119
796,Margaret,Gurr,mgurrm3@deliciousdays.com,Male,67.164.4.233
797,Morie,Berkelay,mberkelaym4@rambler.ru,Male,13.136.225.251
798,Tris,Hallyburton,thallyburtonm5@twitter.com,Female,6.119.28.68
799,Antonetta,Bruckenthal,abruckenthalm6@meetup.com,Male,242.12.15.79
800,Aguste,Males,amalesm7@quantcast.com,Female,213.27.178.226
801,Donni,Shord,dshordm8@ehow.com,Female,81.109.132.237
802,Kleon,Milroy,kmilroym9@chicagotribune.com,Female,208.251.31.232
803,Selma,Nudds,snuddsma@tinypic.com,Female,126.226.80.120
804,Theodor,Gerber,tgerbermb@europa.eu,Male,40.217.141.31
805,Hunter,Tupman,htupmanmc@globo.com,Female,252.86.70.56
806,Pansy,Readhead,preadheadmd@scribd.com,Male,77.234.169.27
807,Estelle,Burborough,eburboroughme@blogs.com,Polygender,158.46.130.36
808,Jayme,McGaughey,jmcgaugheymf@stumbleupon.com,Male,12.150.1.42
809,Corbett,Shepland,csheplandmg@shutterfly.com,Male,118.230.82.4
810,Petrina,Dumphreys,pdumphreysmh@msu.edu,Female,214.19.226.159
811,Moina,McWilliams,mmcwilliamsmi@merriam-webster.com,Agender,93.166.243.38
812,Christal,Hoovart,choovartmj@cisco.com,Female,78.56.222.216
813,Ashbey,Crudgington,acrudgingtonmk@icio.us,Female,9.104.8.199
814,Arden,Gahagan,agahaganml@yandex.ru,Female,247.49.41.9
815,Vale,Childes,vchildesmm@independent.co.uk,Male,153.89.191.177
816,Alica,Winsor,awinsormn@nymag.com,Female,128.155.58.219
817,Raymond,Addicote,raddicotemo@adobe.com,Female,231.65.196.149
818,Benjamin,Whimpenny,bwhimpennymp@ow.ly,Female,238.97.0.217
819,Lutero,Cleyburn,lcleyburnmq@webs.com,Female,36.30.255.141
820,Gauthier,Brewins,gbrewinsmr@weebly.com,Female,165.197.244.156
821,Hubie,Dabnot,hdabnotms@icq.com,Male,1.171.137.247
822,Maribelle,MacCoughan,mmaccoughanmt@cocolog-nifty.com,Male,219.197.136.218
823,Regine,Heinl,rheinlmu@google.com.br,Male,2.173.35.23
824,Tanitansy,Thurstan,tthurstanmv@imageshack.us,Male,221.70.117.115
825,Archibaldo,Bauer,abauermw@netvibes.com,Female,229.48.45.61
826,Elaina,Pagram,epagrammx@ycombinator.com,Male,70.252.97.83
827,Marinna,Baus,mbausmy@newsvine.com,Male,68.178.160.196
828,Sidonia,Kears,skearsmz@un.org,Male,26.61.148.14
829,Dorey,Clyde,dclyden0@cloudflare.com,Male,134.31.56.81
830,Nora,Straughan,nstraughann1@businessweek.com,Male,15.176.232.42
831,Judon,Kemwall,jkemwalln2@ustream.tv,Male,185.191.228.46
832,Buddy,Chellam,bchellamn3@live.com,Non-binary,11.131.230.247
833,Cordie,Leathers,cleathersn4@uiuc.edu,Male,70.179.88.246
834,Wallie,Dunsire,wdunsiren5@walmart.com,Female,94.72.40.148
835,Sean,Wallbrook,swallbrookn6@timesonline.co.uk,Agender,129.158.127.254
836,Zitella,Caplen,zcaplenn7@barnesandnoble.com,Female,139.119.203.240
837,Austin,Grisbrook,agrisbrookn8@tiny.cc,Male,145.171.47.114
838,Biddie,Tugwell,btugwelln9@netscape.com,Male,188.38.1.83
839,Dwayne,Postins,dpostinsna@springer.com,Female,206.150.87.214
840,Lorrayne,Coche,lcochenb@time.com,Male,137.243.77.198
841,Rodrigo,Newcombe,rnewcombenc@live.com,Male,64.121.152.246
842,Helenka,Seeborne,hseebornend@tiny.cc,Female,140.140.129.33
843,Raimundo,Carillo,rcarillone@ibm.com,Male,7.230.223.226
844,Julina,Enriques,jenriquesnf@edublogs.org,Male,92.241.244.77
845,Nettle,Grivori,ngrivoring@naver.com,Male,203.177.215.152
846,Gunther,Gother,ggothernh@cnet.com,Male,208.196.26.207
847,Yvor,Jeanenet,yjeanenetni@tiny.cc,Female,255.115.106.217
848,Sheila-kathryn,Thurske,sthurskenj@simplemachines.org,Bigender,87.60.102.47
849,Lisha,Franceschino,lfranceschinonk@alibaba.com,Male,193.139.157.160
850,Tudor,Markos,tmarkosnl@wikimedia.org,Female,48.244.235.116
851,Wilie,Harraway,wharrawaynm@mozilla.com,Female,193.186.201.151
852,Natty,Castelow,ncastelownn@com.com,Female,172.174.170.86
853,Caldwell,Cloughton,ccloughtonno@wisc.edu,Female,49.55.208.14
854,Grace,Drewry,gdrewrynp@nsw.gov.au,Agender,174.192.203.180
855,Crysta,John,cjohnnq@photobucket.com,Female,120.71.231.127
856,Dennison,Bratchell,dbratchellnr@4shared.com,Female,227.45.11.118
857,Freddie,Torre,ftorrens@comcast.net,Male,36.125.180.176
858,Darrick,McCandless,dmccandlessnt@tumblr.com,Female,146.182.37.121
859,Blair,Crebott,bcrebottnu@who.int,Genderqueer,32.102.37.22
860,Cordelia,McLane,cmclanenv@bluehost.com,Male,1.210.154.50
861,Julina,Hayth,jhaythnw@dell.com,Polygender,24.230.31.167
862,Lyda,Wyre,lwyrenx@quantcast.com,Female,82.124.75.55
863,Nevin,Hince,nhinceny@blogs.com,Male,21.93.212.238
864,Willa,Linklater,wlinklaternz@msn.com,Male,98.28.93.147
865,Bond,Baddiley,bbaddileyo0@nationalgeographic.com,Male,88.206.198.74
866,Ingeborg,Goulder,igouldero1@wikia.com,Female,204.68.67.14
867,Bonnee,Tarpey,btarpeyo2@example.com,Male,215.58.181.254
868,Ludwig,Rennles,lrennleso3@histats.com,Male,75.66.79.136
869,Salmon,Strowger,sstrowgero4@comsenz.com,Male,41.91.208.170
870,Olly,Basilone,obasiloneo5@pinterest.com,Male,32.228.90.95
871,Valentine,Trundle,vtrundleo6@newyorker.com,Female,84.209.134.175
872,Kassandra,Aikin,kaikino7@omniture.com,Female,220.41.188.5
873,Carolyn,Rawlins,crawlinso8@example.com,Female,42.126.174.84
874,Christina,Wahner,cwahnero9@upenn.edu,Female,186.168.209.57
875,Junia,Whitwood,jwhitwoodoa@delicious.com,Female,119.252.108.44
876,Hillard,Eberle,heberleob@yale.edu,Male,107.95.48.25
877,Denny,Prandy,dprandyoc@irs.gov,Male,196.197.198.131
878,Jaquelyn,Voysey,jvoyseyod@netlog.com,Male,1.149.198.102
879,Caty,Ronaghan,cronaghanoe@skype.com,Male,66.155.186.176
880,Tomaso,Rudgley,trudgleyof@github.com,Female,213.35.70.132
881,Octavia,Pharoah,opharoahog@gravatar.com,Female,54.135.246.59
882,Alyce,Quiddinton,aquiddintonoh@sciencedaily.com,Agender,79.214.251.137
883,Tiena,Gruby,tgrubyoi@noaa.gov,Female,111.38.240.129
884,Benita,Kinavan,bkinavanoj@go.com,Female,157.225.70.168
885,Mil,Sprigging,mspriggingok@studiopress.com,Female,22.103.94.34
886,Riley,Cisland,rcislandol@eventbrite.com,Male,249.89.66.136
887,Mindy,Gutridge,mgutridgeom@typepad.com,Female,216.120.126.63
888,Dani,Echalier,dechalieron@bandcamp.com,Female,150.11.231.104
889,Quentin,Vallery,qvalleryoo@reference.com,Female,139.98.222.167
890,Danyette,Falls,dfallsop@biblegateway.com,Female,30.191.85.198
891,Kasper,Shewring,kshewringoq@java.com,Male,181.233.75.15
892,Vikky,Foulds,vfouldsor@photobucket.com,Male,121.210.5.229
893,Toinette,Buer,tbueros@cloudflare.com,Bigender,109.16.137.132
894,Pablo,Durgan,pdurganot@msu.edu,Male,249.121.53.227
895,Dom,Dahmel,ddahmelou@icq.com,Male,80.221.34.156
896,Silvano,Fearick,sfearickov@reddit.com,Male,36.134.20.214
897,Lenee,Oran,loranow@accuweather.com,Male,225.99.128.7
898,Ara,Stiegar,astiegarox@cbsnews.com,Male,181.83.53.190
899,Amabel,Robertshaw,arobertshawoy@yellowbook.com,Female,209.199.40.3
900,Barnett,Lambot,blambotoz@phoca.cz,Male,136.181.241.227
901,Isaac,McGlue,imcgluep0@dmoz.org,Female,27.13.3.86
902,Gerard,Hudghton,ghudghtonp1@foxnews.com,Female,180.149.148.93
903,Hanna,Peatheyjohns,hpeatheyjohnsp2@virginia.edu,Female,74.133.135.226
904,Bridget,Waliszewski,bwaliszewskip3@adobe.com,Male,253.228.86.251
905,Laurie,Manuello,lmanuellop4@kickstarter.com,Male,167.243.6.10
906,Lavinie,Syplus,lsyplusp5@ycombinator.com,Male,247.248.90.86
907,Angelico,Flukes,aflukesp6@nbcnews.com,Male,199.120.119.137
908,Sancho,Whiteway,swhitewayp7@mozilla.org,Female,8.88.246.32
909,Kane,Cecely,kcecelyp8@newyorker.com,Male,76.75.242.145
910,Dianna,Copnall,dcopnallp9@un.org,Male,231.200.29.30
911,Costa,Prendeville,cprendevillepa@wufoo.com,Male,244.57.142.182
912,Gasparo,Lohrensen,glohrensenpb@nps.gov,Male,140.36.200.200
913,Dill,Tennet,dtennetpc@aboutads.info,Male,239.223.234.30
914,Katy,Vernazza,kvernazzapd@dedecms.com,Female,122.136.3.4
915,Shantee,Wegener,swegenerpe@surveymonkey.com,Female,185.110.23.16
916,Hugues,Roget,hrogetpf@t.co,Female,135.109.219.86
917,Prince,Rabidge,prabidgepg@taobao.com,Male,126.200.190.39
918,Korney,Sanderson,ksandersonph@posterous.com,Female,82.152.18.243
919,Margarethe,Littledyke,mlittledykepi@last.fm,Female,134.99.51.54
920,Englebert,Feaveryear,efeaveryearpj@ca.gov,Genderqueer,230.167.100.23
921,Maible,Budget,mbudgetpk@networkadvertising.org,Female,189.156.21.132
922,Corinne,Studman,cstudmanpl@kickstarter.com,Genderfluid,28.26.9.58
923,Adler,Winskill,awinskillpm@cdc.gov,Male,33.194.57.207
924,Saleem,O'Luney,soluneypn@seattletimes.com,Male,124.227.254.169
925,Celine,Crosi,ccrosipo@nsw.gov.au,Female,14.38.101.149
926,Mahala,Paoletto,mpaolettopp@reddit.com,Male,160.93.185.189
927,Kylen,Bordone,kbordonepq@time.com,Female,102.114.95.166
928,Sebastien,Dowles,sdowlespr@google.co.jp,Male,201.242.95.142
929,Maxy,Cheer,mcheerps@usgs.gov,Male,68.245.114.189
930,Ronald,Audenis,raudenispt@ucsd.edu,Female,251.72.191.50
931,Courtnay,Steeden,csteedenpu@usgs.gov,Male,210.151.132.131
932,Stinky,Cochran,scochranpv@phoca.cz,Female,206.10.27.254
933,Silvain,Blucher,sblucherpw@telegraph.co.uk,Male,184.147.247.145
934,Evaleen,Phetteplace,ephetteplacepx@npr.org,Non-binary,173.164.83.3
935,Henry,Pessel,hpesselpy@4shared.com,Male,54.228.222.109
936,Blaine,O'dell,bodellpz@shop-pro.jp,Male,76.90.235.117
937,Ellerey,Forsey,eforseyq0@usa.gov,Female,75.182.211.51
938,Bart,McCaughren,bmccaughrenq1@desdev.cn,Female,121.205.135.185
939,Walther,Pisculli,wpisculliq2@go.com,Female,203.104.191.210
940,Sonja,Spencock,sspencockq3@skype.com,Female,41.243.100.9
941,Cozmo,Duckhouse,cduckhouseq4@sakura.ne.jp,Female,175.72.82.83
942,Carlina,Critchley,ccritchleyq5@ebay.co.uk,Female,140.58.134.222
943,Tyrus,Mariette,tmarietteq6@bing.com,Male,128.136.129.25
944,Annice,Cleghorn,acleghornq7@4shared.com,Female,218.220.135.248
945,Gilburt,Roff,groffq8@timesonline.co.uk,Female,233.123.243.114
946,Chicky,Mayell,cmayellq9@reddit.com,Male,184.207.210.4
947,Knox,Coper,kcoperqa@dmoz.org,Male,177.27.161.15
948,Donny,Lenard,dlenardqb@myspace.com,Female,65.71.159.74
949,Priscella,McNickle,pmcnickleqc@deliciousdays.com,Male,107.177.203.4
950,Guenevere,Mangon,gmangonqd@jigsy.com,Female,136.151.83.15
951,Ebony,Shervil,eshervilqe@webs.com,Female,213.30.194.190
952,Tierney,Willowby,twillowbyqf@webs.com,Male,9.253.108.17
953,Evered,Prise,epriseqg@loc.gov,Female,64.174.246.233
954,Hermia,Fosse,hfosseqh@infoseek.co.jp,Female,208.5.218.180
955,Scot,Pitfield,spitfieldqi@bbb.org,Female,89.29.13.173
956,Joyan,Molson,jmolsonqj@arstechnica.com,Male,231.130.225.196
957,Opal,Eustice,oeusticeqk@blogspot.com,Non-binary,187.92.1.159
958,Nickie,Lilie,nlilieql@fastcompany.com,Female,135.101.43.121
959,Joby,Grabert,jgrabertqm@aboutads.info,Female,127.25.167.1
960,Theresa,Verryan,tverryanqn@reverbnation.com,Male,148.179.81.82
961,Joyann,McCurtin,jmccurtinqo@xrea.com,Female,244.173.6.238
962,Aimil,Kightly,akightlyqp@youtu.be,Male,175.129.222.169
963,Paloma,Guerrin,pguerrinqq@nsw.gov.au,Female,142.21.251.78
964,Boris,Blunkett,bblunkettqr@bizjournals.com,Bigender,125.30.86.180
965,Cullin,Naris,cnarisqs@clickbank.net,Female,94.255.161.21
966,Son,Royall,sroyallqt@angelfire.com,Female,223.161.245.207
967,Hugues,Hincks,hhincksqu@wufoo.com,Male,34.99.117.77
968,Madelyn,Folcarelli,mfolcarelliqv@rediff.com,Female,128.232.142.65
969,Aron,Sissons,asissonsqw@cdc.gov,Male,225.54.87.128
970,Myrtia,Grishagin,mgrishaginqx@furl.net,Female,50.47.200.64
971,Harp,Lowdes,hlowdesqy@twitter.com,Female,239.172.81.173
972,Kristy,Jandel,kjandelqz@lulu.com,Male,61.71.180.166
973,Joan,Becraft,jbecraftr0@vk.com,Male,51.132.140.1
974,Leslie,Tedorenko,ltedorenkor1@illinois.edu,Female,24.189.63.240
975,Lonee,Emilien,lemilienr2@infoseek.co.jp,Female,122.5.75.117
976,Brand,Yankeev,byankeevr3@g.co,Agender,73.184.217.48
977,Gherardo,Reding,gredingr4@e-recht24.de,Male,33.99.10.11
978,Aloise,Croysdale,acroysdaler5@cbsnews.com,Female,212.27.74.109
979,Carri,Habbeshaw,chabbeshawr6@intel.com,Female,216.102.118.225
980,Uriah,Daish,udaishr7@php.net,Female,233.113.250.122
981,Cathyleen,Hilland,chillandr8@blogs.com,Male,169.45.162.164
982,Agata,Freed,afreedr9@about.me,Female,141.95.52.201
983,Devon,Orys,dorysra@businessinsider.com,Male,157.168.208.52
984,Karel,Genty,kgentyrb@gnu.org,Female,101.242.153.60
985,Korella,Antonias,kantoniasrc@deviantart.com,Female,155.91.215.24
986,Wilfrid,Kingsnoad,wkingsnoadrd@ow.ly,Female,181.13.37.118
987,Fraser,Sapwell,fsapwellre@simplemachines.org,Female,49.205.221.240
988,Jilly,Giacubo,jgiacuborf@goo.gl,Female,42.117.228.13
989,Christalle,Garbett,cgarbettrg@163.com,Male,118.134.7.254
990,Celie,Bernetti,cbernettirh@omniture.com,Female,233.184.245.135
991,Kristien,Stollery,kstolleryri@dailymotion.com,Male,215.74.176.218
992,Jorie,Neubigging,jneubiggingrj@mac.com,Female,89.51.33.50
993,Jamie,Grayer,jgrayerrk@networksolutions.com,Male,208.152.254.173
994,Tisha,Duiged,tduigedrl@umich.edu,Genderqueer,30.231.174.232
995,Gwenora,Hawkett,ghawkettrm@over-blog.com,Female,203.236.174.75
996,Esme,Dales,edalesrn@issuu.com,Male,122.129.57.39
997,Meredithe,Maybey,mmaybeyro@hao123.com,Genderfluid,1.83.224.25
998,Mack,Allpress,mallpressrp@sphinn.com,Female,158.75.209.234
999,Glenda,Foy,gfoyrq@histats.com,Male,32.126.219.205
1000,Cherry,Dulany,cdulanyrr@wiley.com,Male,82.152.240.53
