id,first_name,last_name,email,gender,ip_address
1,Coleman,Greatrex,cgreatrex0@tinypic.com,Female,240.12.185.57
2,Garner,Martins,gmartins1@joomla.org,Polygender,19.219.11.28
3,Arliene,Feldman,afeldman2@sakura.ne.jp,Male,236.248.237.6
4,Catriona,Dearnly,cdearnly3@globo.com,Genderqueer,74.130.114.101
5,Carolin,Iacobetto,ciacobetto4@amazonaws.com,Male,137.52.58.240
6,Ursula,Godain,ugodain5@imdb.com,Male,162.156.91.146
7,Ced,Threadgould,cthreadgould6@reuters.com,Female,31.117.65.81
8,Janean,Garthside,jgarthside7@guardian.co.uk,Agender,90.17.200.119
9,Inger,Aires,iaires8@about.me,Male,228.97.93.200
10,Ted,Blasdale,tblasdale9@bbb.org,Male,144.132.31.74
11,Viv,Klawi,vklawia@printfriendly.com,Female,225.135.172.77
12,Rahel,Kitto,rkittob@jugem.jp,Male,126.97.109.244
13,Arliene,Pillans,apillansc@craigslist.org,Male,54.65.197.22
14,Libbey,Bodimeade,lbodimeaded@mayoclinic.com,Female,44.143.173.171
15,Shelli,Kohlert,skohlerte@privacy.gov.au,Female,125.110.160.40
16,Sig,Findlater,sfindlaterf@geocities.com,Female,48.139.190.180
17,Godard,MacCheyne,gmaccheyneg@cyberchimps.com,Male,22.44.160.224
18,Pierre,Dettmar,pdettmarh@t.co,Female,54.208.157.223
19,Talya,Maginn,tmaginni@macromedia.com,Male,170.237.136.131
20,Lemmy,Valenta,lvalentaj@multiply.com,Bigender,193.36.242.108
21,Juliette,Austwick,jaustwickk@altervista.org,Male,111.142.145.197
22,Maridel,Jakes,mjakesl@mayoclinic.com,Male,48.34.214.61
23,Calla,Haig,chaigm@sun.com,Female,103.30.155.100
24,Jammie,Kensall,jkensalln@apple.com,Female,27.190.1.107
25,Bianka,Madrell,bmadrello@typepad.com,Male,255.226.185.254
26,Cosetta,Boch,cbochp@cornell.edu,Female,218.61.86.58
27,Maryann,Curbishley,mcurbishleyq@msu.edu,Male,228.177.250.101
28,Brina,Egdal,begdalr@disqus.com,Female,28.25.6.2
29,Kessiah,Landon,klandons@symantec.com,Female,76.156.37.243
30,Collette,Dollar,cdollart@hubpages.com,Female,8.107.206.136
31,Virginia,Peirce,vpeirceu@virginia.edu,Male,120.144.181.156
32,Jamie,Mardoll,jmardollv@jalbum.net,Male,118.155.230.191
33,Codie,Thirkettle,cthirkettlew@google.es,Male,15.77.197.178
34,Florance,Juza,fjuzax@csmonitor.com,Male,191.41.100.149
35,Tobin,Maylor,tmaylory@blogspot.com,Male,218.179.10.79
36,Hollis,Floweth,hflowethz@gravatar.com,Polygender,58.25.7.46
37,Jenda,Askey,jaskey10@time.com,Male,212.202.241.116
38,Hilda,Joscelyn,hjoscelyn11@epa.gov,Genderqueer,81.210.95.246
39,Berta,Larner,blarner12@vistaprint.com,Male,155.252.27.42
40,Vinny,Southward,vsouthward13@xrea.com,Male,114.96.242.125
41,Tremain,Mitskevich,tmitskevich14@google.com.au,Polygender,24.119.145.139
42,Jose,Drayton,jdrayton15@twitter.com,Male,205.105.234.251
43,Dorette,Hrinchishin,dhrinchishin16@cpanel.net,Female,78.137.237.23
44,Romona,Bottoner,rbottoner17@pagesperso-orange.fr,Genderfluid,106.200.70.84
45,Eliza,Tubble,etubble18@netscape.com,Male,68.214.108.8
46,Myra,Shafier,mshafier19@sbwire.com,Male,37.242.89.34
47,Marnie,Ubach,mubach1a@yelp.com,Female,236.81.112.17
48,Ellwood,Torry,etorry1b@mail.ru,Female,251.206.138.96
49,Helen,Powe,hpowe1c@soundcloud.com,Female,209.16.232.161
50,Joellyn,Strotton,jstrotton1d@soup.io,Female,145.77.50.110
51,Josias,Plinck,jplinck1e@netlog.com,Male,40.83.217.81
52,Helaina,Stannah,hstannah1f@cnbc.com,Male,215.232.72.82
53,Rebeka,MacTeggart,rmacteggart1g@engadget.com,Male,131.110.44.78
54,Hollyanne,Gater,hgater1h@pcworld.com,Male,171.138.112.225
55,Ashley,Christley,achristley1i@usgs.gov,Male,247.147.23.235
56,Blakelee,Sheed,bsheed1j@nytimes.com,Male,82.121.109.243
57,Brade,Mc Trusty,bmctrusty1k@ameblo.jp,Male,227.8.21.192
58,Fawn,Gaylor,fgaylor1l@cloudflare.com,Female,47.161.76.192
59,Karisa,Taveriner,ktaveriner1m@yellowbook.com,Male,143.232.93.88
60,Sebastien,Edensor,sedensor1n@dot.gov,Male,132.33.196.61
61,Demetra,Bruck,dbruck1o@blinklist.com,Male,241.88.145.27
62,Jacinta,Sparke,jsparke1p@domainmarket.com,Male,191.90.242.118
63,Monte,Claesens,mclaesens1q@ezinearticles.com,Male,143.34.102.201
64,Blakelee,Soper,bsoper1r@theguardian.com,Female,143.8.96.120
65,Davita,Huyhton,dhuyhton1s@washington.edu,Female,14.82.18.138
66,Robbert,Krout,rkrout1t@odnoklassniki.ru,Female,128.220.222.46
67,Kathryn,MacDunleavy,kmacdunleavy1u@cornell.edu,Female,128.20.230.249
68,Haze,Leverich,hleverich1v@cafepress.com,Genderqueer,239.233.108.155
69,Davey,Paulsen,dpaulsen1w@theguardian.com,Male,31.120.170.68
70,Demetre,Sturgess,dsturgess1x@weibo.com,Female,186.129.144.251
71,Harriott,Porcher,hporcher1y@mozilla.com,Male,14.217.167.183
72,Lorinda,Midgely,lmidgely1z@npr.org,Agender,144.5.41.152
73,Gearalt,Slany,gslany20@google.co.jp,Polygender,219.211.235.131
74,Abba,Younghusband,ayounghusband21@salon.com,Male,181.145.76.228
75,Barth,Veltmann,bveltmann22@pbs.org,Male,213.230.193.67
76,Charmion,MacEvilly,cmacevilly23@about.me,Female,74.235.32.42
77,Griffin,Posnette,gposnette24@prlog.org,Female,167.38.38.203
78,Lars,Brookzie,lbrookzie25@zdnet.com,Female,98.151.199.204
79,Barris,Marchent,bmarchent26@sourceforge.net,Male,147.68.104.1
80,Zitella,Millhouse,zmillhouse27@hostgator.com,Male,18.230.1.149
81,Nerty,Garrood,ngarrood28@skype.com,Female,35.61.218.37
82,Honoria,Joron,hjoron29@ning.com,Female,92.224.44.75
83,Sarine,Riccardi,sriccardi2a@uiuc.edu,Female,229.190.138.226
84,Kerry,Lorenzetto,klorenzetto2b@domainmarket.com,Female,204.52.186.227
85,Ginnifer,Antonomolii,gantonomolii2c@mapy.cz,Female,240.137.162.147
86,Perkin,Shepton,pshepton2d@domainmarket.com,Male,154.95.150.35
87,Giles,Yorath,gyorath2e@ocn.ne.jp,Male,170.196.195.65
88,Corrianne,Nestoruk,cnestoruk2f@engadget.com,Female,127.110.68.80
89,Jean,Oxenbury,joxenbury2g@w3.org,Male,16.51.165.85
90,Patricia,Fereday,pfereday2h@accuweather.com,Female,73.102.118.160
91,Davie,Birley,dbirley2i@mediafire.com,Male,173.114.115.57
92,Alexis,Bowlands,abowlands2j@shutterfly.com,Male,64.38.255.39
93,Gray,Godbald,ggodbald2k@disqus.com,Male,47.190.70.10
94,Alicia,Hendriksen,ahendriksen2l@engadget.com,Female,60.30.211.249
95,Dianne,Swinnerton,dswinnerton2m@springer.com,Female,161.174.36.227
96,Giavani,Hanbury,ghanbury2n@bigcartel.com,Male,30.10.75.32
97,Regine,Ewols,rewols2o@typepad.com,Male,212.254.112.46
98,Pietro,Cleeton,pcleeton2p@google.com,Agender,28.48.176.117
99,Bree,Beetham,bbeetham2q@seesaa.net,Female,112.8.222.22
100,Ambrose,Gwillyam,agwillyam2r@nps.gov,Female,69.106.162.92
